Month,Apples,Oranges,Pears,Total,Mean
Jan,1234,123,765,2122,707.3333333
Feb,2345,234,365,2944,981.3333333
Mar,3456,345,54,3855,1285
Apr,4567,456,98,5121,1707